"编号{id,int}","姓{lastName,str}","名{firstName,str}",
80300001,睿诚,闫法,
80300002,德厚,太叔,
80300003,凯定,上官,
80300004,兴腾,壤驷,
80300005,星文,西门,
80300006,天佑,蓝,
80300007,翔飞,公羊,
80300008,彭泽,瞿,
80300009,意智,漆雕,
80300010,星河,燕,
80300011,刚豪,景,
80300012,兴贤,别,
80300013,远航,滕,
80300014,涵雁,童,
80300015,语林,扈,
80300016,子晨,班,
80300017,家美,司空,
80300018,安筠,於,
80300019,冷菱,夹谷,
80300020,如云,容,
80300021,润丽,巫马,
80300022,皎月,岳帅,
80300023,寻巧,梁丘,
80300024,涵柏,拓拔,
80300025,邵美,百里,
80300026,夏月,长孙,
80300027,冷霜,夔,
80300028,芸,令狐,
80300029,梦,有琴,
80300030,乐章,尉迟,
80300031,俊能,司寇,
80300032,兴国,匡,
80300033,俊德,沈,
80300034,伟懋,裘,
80300035,光霁,牧,
80300036,良策,宓,
80300037,安歌,钟,
80300038,宏逸,郦,
80300039,弘益,逯,
80300040,承悦,郏,
80300041,元驹,侯,
80300042,德寿,席,
80300043,思博,相,
80300044,子民,东郭,
80300045,嘉颖,墨哈,
80300046,安怡,左丘,
80300047,弘壮,慕容,
80300048,绍祺,包,
80300049,嘉实,屈,
80300050,才良,宿,
80300051,修文,梅,
80300052,力夫,弘,
80300053,俊友,水,
80300054,兴言,杭,
80300055,彭湃,公冶,
80300056,皓轩,端木,
80300057,和平,欧阳,
80300058,濮存,晋楚,
80300059,宏胜,厉,
80300060,泽语,宇文,
80300061,晋鹏,呼延,
80300062,英逸,皇甫,
80300063,英毅,仲孙,
80300064,向阳,茅,
80300065,元嘉,东门,
80300066,阳华,夏侯,
80300067,伟晔,柯,
80300068,勇捷,艾,
80300069,凯歌,褚,
80300070,兴文,虞,
80300071,哲圣,姜,
80300072,浩波,闵,
80300073,和怡,冷,
80300074,德业,符,
80300075,文光,亓官,
80300076,乐水,邢,
80300077,飞沉,敖,
80300078,承载,桂,
80300079,博简,贡,
80300080,子安,訾,
80300081,嘉勋,裴,
80300082,擎宇,娄,
80300083,志强,淳于,
80300084,文彦,宣,
80300085,温纶,窦,
80300086,泰鸿,郜,
80300087,良骏,巴,
80300088,浩言,湛,
80300089,英豪,都,
80300090,德海,庄,
80300091,哲彦,路,
80300092,俊楚,伏,
80300093,景山,冀,
80300094,雨泽,边,
80300095,华美,栾,
80300096,永思,龙,
80300097,智鑫,申屠,
80300098,元正,蓬,
80300099,志勇,井,
80300100,华晖,籍,
80300101,博易,屠,
80300102,修平,索,
80300103,正业,毕,
80300104,宏放,郗,
80300105,宏伯,牛,
80300106,炫明,宫,
80300107,昊空,宗政,
80300108,阳泽,盛,
80300109,睿范,叶,
80300110,俊人,S,
80300111,阳德,诸葛,
80300112,成龙,轩辕,
80300113,健柏,蒲,
80300114,国安,尹,
80300115,自珍,闾丘,
80300116,宏硕,佘佴,
80300117,嘉谊,云,
80300118,乐圣,越,
80300119,嘉茂,桑,
80300120,泰华,封,
80300121,弘阔,苍,
80300122,阳云,甄,
80300123,弘化,况後,
80300124,毅然,蔚,
80300125,开畅,沙,
80300126,安邦,伯赏,
80300127,高邈,祝,
80300128,永昌,劳,
80300129,高洁,荆,
80300130,志用,熊,
80300131,烨然,祁,
80300132,宏儒,翁,
80300133,宇达,樊,
80300134,元恺,卫,
80300135,景龙,富,
80300136,奇迈,祖,
80300137,嘉德,狄,
80300138,奇希,郎,
80300139,越彬,申,
80300140,天骄,卞,
80300141,经亘,谷,
80300142,天工,鲁,
80300143,星宇,夏,
80300144,和光,晁,
80300145,鸿志,东方,
80300146,俊茂,濮阳,
80300147,浩思,戚,
