"±àºÅ{id,int}","ÐÕ{firstName,str}(str,firstName)","ÄÐÃû{malelastName,str}(str,malelastName)","Å®Ãû{femalelastName,str}(str,femalelastName)","ÎÄ×ÖÃèÊö1","ÎÄ×ÖÃèÊö2","ÎÄ×ÖÃèÊö3",
89500001,ÕÔ,Ö®Óñ,×Ë,189500001,289500001,389500001,
89500002,Ç®,×íÒ×,×ÏÝæ,189500002,289500002,389500002,
89500003,Ëï,Æò,ÜÆ,189500003,289500003,389500003,
89500004,Àî,Ô½Ôó,×ÏËª,189500004,289500004,389500004,
89500005,ÖÜ,ìå,Ö¥,189500005,289500005,389500005,
89500006,Îâ,½õ³Ì,óÝ,189500006,289500006,389500006,
89500007,Ö£,áÔ,×ÏÁâ,189500007,289500007,389500007,
89500008,Íõ,ÐÞ½Ü,çø,189500008,289500008,389500008,
89500009,·ë,×ÏÄÏ,×ÏÀ¶,189500009,289500009,389500009,
89500010,³Â,ÒØ,×Ï´ä,189500010,289500010,389500010,
89500011,ñÒ,ìÇÎ°,Ó¤,189500011,289500011,389500011,
89500012,ÎÀ,¶ûÂü,ÜÆÌì,189500012,289500012,389500012,
89500013,½¯,ºèÕä,Ðã,189500013,289500013,389500013,
89500014,Éò,Á¢»Ô,ÓÑÂÌ,189500014,289500014,389500014,
89500015,º«,Çä,ÜÆÈÝ,189500015,289500015,389500015,
89500016,Ñî,Õê,ö©,189500016,289500016,389500016,
89500017,Öì,ÖÂÔ¶,ÜÆÇÉ,189500017,289500017,389500017,
89500018,ÇØ,×Ï°²,ÜÆ»Ü,189500018,289500018,389500018,
89500019,ÓÈ,ôÃ,ÝÒ,189500019,289500019,389500019,
89500020,Ðí,ÌìË¼,·ÃÇÙ,189500020,289500020,389500020,
89500021,ºÎ,Æõ,ÜÆºÉ,189500021,289500021,389500021,
89500022,ÂÀ,ÌÎ,Ý¸,189500022,289500022,389500022,
89500023,Ê©,ñÒ´Ï,³õÍ®,189500023,289500023,389500023,
89500024,ÕÅ,½¡,Ö®ÌÒ,189500024,289500024,389500024,
89500025,¿×,¼²,¹ÈÑ©,189500025,289500025,389500025,
89500026,²Ü,ÎÆ,ÔªËª,189500026,289500026,389500026,
89500027,ÑÏ,ÐÞ½à,ãº,189500027,289500027,389500027,
89500028,»ª,²µ,æ­,189500028,289500028,389500028,
89500029,½ð,ÁÝ,ÓïÈØ,189500029,289500029,389500029,
89500030,Îº,Ñ·,Èõ,189500030,289500030,389500030,
89500031,ÌÕ,Íð,ÓïÇÙ,189500031,289500031,389500031,
89500032,½ª,Ó¥,Èô,189500032,289500032,389500032,
89500033,ÆÝ,Í©,ÈØ,189500033,289500033,389500033,
89500034,Ð»,Æ½Áé,Ü½,189500034,289500034,389500034,
89500035,×Þ,ÔªÂÌ,ÒàÓï,189500035,289500035,389500035,
89500036,Ó÷,Íþ,ÓêÕä,189500036,289500036,389500036,
89500037,°Ø,Í®,Óïµû,189500037,289500037,389500037,
89500038,Ë®,Ô´ÖÇ,ÓêÑ©,189500038,289500038,389500038,
89500039,ñ¼,Ôª»±,Ãô,189500039,289500039,389500039,
89500040,ÕÂ,ÎÉ,ÓêÃ·,189500040,289500040,389500040,
89500041,ÔÆ,ìÇ»ª,ÓêÁ«,189500041,289500041,389500041,
89500042,ËÕ,Ôª·ã,Æ¼,189500042,289500042,389500042,
89500043,ÅË,¸óËØ,À¼,189500043,289500043,389500043,
89500044,¸ð,ÓÈÕñ,Ãä,189500044,289500044,389500044,
89500045,ÞÉ,¼ÒÓï,ìµ,189500045,289500045,389500045,
89500046,·¶,Ñ©¿µ,ÓÖÝÕ,189500046,289500046,389500046,
89500047,Åí,ä³Ðí,ÓÑÃ·,189500047,289500047,389500047,
89500048,ÀÉ,Ô½±ò,Ô«»Ý,189500048,289500048,389500048,
89500049,Â³,ÓïÉ½,ÝæÊ¦,189500049,289500049,389500049,
89500050,Î¤,ìÍ,äÊ,189500050,289500050,389500050,
89500051,²ý,×ÓÐù,ÇïÜ½,189500051,289500051,389500051,
89500052,Âí,³Ç,ÙÎè¬,189500052,289500052,389500052,
89500053,Ãç,Î°å·,ÔÆÜÆ,189500053,289500053,389500053,
89500054,·ï,Óþ,ÑÌ,189500054,289500054,389500054,
89500055,»¨,½úÅô,Ò×ÇÉ,189500055,289500055,389500055,
89500056,·½,Óïº£,óðæ¦,189500056,289500056,389500056,
89500057,Óá,Ïé,ÒàË¿,189500057,289500057,389500057,
89500058,ÈÎ,ÕÅÃÙ,Üå,189500058,289500058,389500058,
89500059,Ô¬,ËÉÓï,ÒàÇÉ,189500059,289500059,389500059,
89500060,Áø,ò¯,ä¿,189500060,289500060,389500060,
89500061,Ûº,¿×º£,ÒäÑ©,189500061,289500061,389500061,
89500062,±«,Ê¤,ç²,189500062,289500062,389500062,
89500063,Ê·,Çà,ÒäÃ·,189500063,289500063,389500063,
89500064,ÌÆ,Üø,Ïå,189500064,289500064,389500064,
89500065,·Ñ,ÑÏ,×Ï,189500065,289500065,389500065,
89500066,Á®,ºÆÓî,ÒÔµ¤,189500066,289500066,389500066,
89500067,á¯,»í,Ð¾,189500067,289500067,389500067,
89500068,Ñ¦,»ª,³õÇç,189500068,289500068,389500068,
89500069,À×,¼Î,ÒÂ,189500069,289500069,389500069,
89500070,ºØ,Îõ,Ò¹ÃÎ,189500070,289500070,389500070,
89500071,Äß,Óê,Ò¹´º,189500071,289500071,389500071,
89500072,ÌÀ,·Ë,Ýº,189500072,289500072,389500072,
89500073,ëø,Ö¾Ôó,ò­,189500073,289500073,389500073,
89500074,Òó,öª,Ë®¶ù,189500074,289500074,389500074,
89500075,ÂÞ,ÆÎ,ÓñÇÙ,189500075,289500075,389500075,
89500076,±Ï,Ô·²©,·¼·¼,189500076,289500076,389500076,
89500077,ºÂ,·²,ÂäÂä,189500077,289500077,389500077,
89500078,Úù,Äî²¨,ÈôÑÌ,189500078,289500078,389500078,
89500079,°²,·ã,·±Ëª,189500079,289500079,389500079,
89500080,³£,½ª,ç²Óï,189500080,289500080,389500080,
89500081,ÀÖ,¾þÎõ,Ë«¶ù,189500081,289500081,389500081,
89500082,ÓÚ,Ó×Ë¿,ÀéÂä,189500082,289500082,389500082,
89500083,Ê±,ºÀ,ç²Òô,189500083,289500083,389500083,
89500084,¸µ,ÆÝ,ÏþÔÂ,189500084,289500084,389500084,
89500085,Æ¤,¿¡,ÒôÁ§,189500085,289500085,389500085,
89500086,±å,³Û,ç³Óï,189500086,289500086,389500086,
89500087,Æë,Ó×,¿É¿É,189500087,289500087,389500087,
89500088,¿µ,·ãÃú,À½,189500088,289500088,389500088,
89500089,Îé,´ÏÕ¹,Ë®,189500089,289500089,389500089,
89500090,Óà,î¸,ÜçÜç,189500090,289500090,389500090,
89500091,Ôª,À¶,Ð¡Ù»,189500091,289500091,389500091,
89500092,²·,ÄÏËÉ,Ü·Ü·,189500092,289500092,389500092,
89500093,¹Ë,Ñï,Ó×Þ±,189500093,289500093,389500093,
89500094,ÃÏ,Ðý,ÔÆ,189500094,289500094,389500094,
89500095,Æ½,ÓÑ¶ù,ËØÇé,189500095,289500095,389500095,
89500096,»Æ,°Ø,×ÓÝæ,189500096,289500096,389500096,
89500097,ºÍ,ê¿Ó³,Ð¡Í®,189500097,289500097,389500097,
89500098,ÄÂ,Üö,ÍñÒÁ,189500098,289500098,389500098,
89500099,Ïô,²¨Ó³,ÏæÔÆ,189500099,289500099,389500099,
89500100,Òü,°²Òí,½£Æ¼,189500100,289500100,389500100,
89500101,Ò¦,ñ¼,ÃÈ,189500101,289500101,389500101,
89500102,ÉÛ,Äýº£,Ê«Ê«,189500102,289500102,389500102,
89500103,Õ¿,Ó­ÃÎ,ÌðÌð,189500103,289500103,389500103,
89500104,Íô,ÕÂ,¾ýÏ§,189500104,289500104,389500104,
89500105,Æî,Ò×,Áé¶ù,189500105,289500105,389500105,
89500106,Ã«,Ó­²¨,Áå,189500106,289500106,389500106,
89500107,Óí,Ô¨Ë¼,Þ±,189500107,289500107,389500107,
89500108,µÒ,Óº,Çà,189500108,289500108,389500108,
89500109,Ã×,ìÏì÷,ÒÀ,189500109,289500109,389500109,
89500110,±´,´ï,Ü°,189500110,289500110,389500110,
89500111,Ã÷,ÀÖ¾Ô,·ï,189500111,289500111,389500111,
89500112,ê°,Ç¬,°×,189500112,289500112,389500112,
89500113,¼Æ,·ç»ª,Ë¼Ë¼,189500113,289500113,389500113,
89500114,·ü,ÒäÎÄ,Óñ¶ù,189500114,289500114,389500114,
89500115,³É,öÎ,Àö,189500115,289500115,389500115,
89500116,´÷,Ñã,¼Ñ,189500116,289500116,389500116,
89500117,Ì¸,î£Ô¨,Äþ,189500117,289500117,389500117,
89500118,ËÎ,Ïô,»Û,189500118,289500118,389500118,
89500119,Ã©,²©³¬,æµ,189500119,289500119,389500119,
89500120,ÅÓ,Òä·ã,ÓÝ,189500120,289500120,389500120,
89500121,ÐÜ,öÐ,²É,189500121,289500121,389500121,
89500122,¼Í,ÌìÀÚ,Ò¹Ò¹,189500122,289500122,389500122,
89500123,Êæ,Ú¤,Ð¡Ë®,189500123,289500123,389500123,
89500124,Çü,Ò¹°×,ÒÀË¿,189500124,289500124,389500124,
89500125,Ïî,º²,ÈôÀ¼,189500125,289500125,389500125,
89500126,×£,ÒÊ,¾Å¸è,189500126,289500126,389500126,
89500127,¶­,Ò¹Óñ,ÂäÑ©,189500127,289500127,389500127,
89500128,Áº,³ó,·Æ·Æ,189500128,289500128,389500128,
89500129,¶Å,èªè¤,À¼Èô,189500129,289500129,389500129,
89500130,Èî,Á¥,×ÏÐõ,189500130,289500130,389500130,
89500131,À¶,Üù,ÇÙºÏ,189500131,289500131,389500131,
89500132,ãÉ,Åô·É,,189500132,289500132,389500132,
89500133,Ï¯,¾û,,189500133,289500133,389500133,
89500134,¼¾,,,189500134,289500134,389500134,
89500135,Âé,,,189500135,289500135,389500135,
89500136,Ç¿,,,189500136,289500136,389500136,
89500137,¼Ö,,,189500137,289500137,389500137,
89500138,Â·,,,189500138,289500138,389500138,
89500139,Â¦,,,189500139,289500139,389500139,
89500140,Î£,,,189500140,289500140,389500140,
89500141,½­,,,189500141,289500141,389500141,
89500142,Í¯,,,189500142,289500142,389500142,
89500143,ÑÕ,,,189500143,289500143,389500143,
89500144,¹ù,,,189500144,289500144,389500144,
89500145,Ã·,,,189500145,289500145,389500145,
89500146,Ê¢,,,189500146,289500146,389500146,
89500147,ÁÖ,,,189500147,289500147,389500147,
89500148,µó,,,189500148,289500148,389500148,
89500149,ÖÓ,,,189500149,289500149,389500149,
89500150,Ðì,,,189500150,289500150,389500150,
89500151,Çñ,,,189500151,289500151,389500151,
89500152,Âæ,,,189500152,289500152,389500152,
89500153,¸ß,,,189500153,289500153,389500153,
89500154,ÏÄ,,,189500154,289500154,389500154,
89500155,²Ì,,,189500155,289500155,389500155,
89500156,Ìï,,,189500156,289500156,389500156,
89500157,·®,,,189500157,289500157,389500157,
89500158,ºú,,,189500158,289500158,389500158,
89500159,Áè,,,189500159,289500159,389500159,
89500160,»ô,,,189500160,289500160,389500160,
89500161,ÓÝ,,,189500161,289500161,389500161,
89500162,Íò,,,189500162,289500162,389500162,
89500163,Ö§,,,189500163,289500163,389500163,
89500164,¿Â,,,189500164,289500164,389500164,
89500165,¾Ì,,,189500165,289500165,389500165,
89500166,¹Ü,,,189500166,289500166,389500166,
89500167,Â¬,,,189500167,289500167,389500167,
89500168,Äª,,,189500168,289500168,389500168,
89500169,¾­,,,189500169,289500169,389500169,
89500170,·¿,,,189500170,289500170,389500170,
89500171,ôÃ,,,189500171,289500171,389500171,
89500172,çÑ,,,189500172,289500172,389500172,
89500173,¸É,,,189500173,289500173,389500173,
89500174,½â,,,189500174,289500174,389500174,
89500175,Ó¦,,,189500175,289500175,389500175,
89500176,×Ú,,,189500176,289500176,389500176,
89500177,Ðû,,,189500177,289500177,389500177,
89500178,¶¡,,,189500178,289500178,389500178,
89500179,êÚ,,,189500179,289500179,389500179,
89500180,µË,,,189500180,289500180,389500180,
89500181,Óô,,,189500181,289500181,389500181,
89500182,µ¥,,,189500182,289500182,389500182,
89500183,º¼,,,189500183,289500183,389500183,
89500184,ºé,,,189500184,289500184,389500184,
89500185,°ü,,,189500185,289500185,389500185,
89500186,Öî,,,189500186,289500186,389500186,
89500187,×ó,,,189500187,289500187,389500187,
89500188,Ê¯,,,189500188,289500188,389500188,
89500189,´Þ,,,189500189,289500189,389500189,
89500190,¼ª,,,189500190,289500190,389500190,
89500191,Å¥,,,189500191,289500191,389500191,
89500192,¹¨,,,189500192,289500192,389500192,
89500193,³Ì,,,189500193,289500193,389500193,
89500194,ïú,,,189500194,289500194,389500194,
89500195,ÐÏ,,,189500195,289500195,389500195,
89500196,»¬,,,189500196,289500196,389500196,
89500197,Åá,,,189500197,289500197,389500197,
89500198,Â½,,,189500198,289500198,389500198,
89500199,ÈÙ,,,189500199,289500199,389500199,
89500200,ÎÌ,,,189500200,289500200,389500200,
89500201,Ü÷,,,189500201,289500201,389500201,
89500202,Ñò,,,189500202,289500202,389500202,
89500203,ì¶,,,189500203,289500203,389500203,
89500204,»Ý,,,189500204,289500204,389500204,
89500205,Õç,,,189500205,289500205,389500205,
89500206,¼Ó,,,189500206,289500206,389500206,
89500207,·â,,,189500207,289500207,389500207,
89500208,ÜÇ,,,189500208,289500208,389500208,
89500209,ôà,,,189500209,289500209,389500209,
89500210,´¢,,,189500210,289500210,389500210,
89500211,½ù,,,189500211,289500211,389500211,
89500212,¼³,,,189500212,289500212,389500212,
89500213,Úû,,,189500213,289500213,389500213,
89500214,ÃÓ,,,189500214,289500214,389500214,
89500215,ËÉ,,,189500215,289500215,389500215,
89500216,¾®,,,189500216,289500216,389500216,
89500217,¶Î,,,189500217,289500217,389500217,
89500218,¸»,,,189500218,289500218,389500218,
89500219,Î×,,,189500219,289500219,389500219,
89500220,ÎÚ,,,189500220,289500220,389500220,
89500221,½¹,,,189500221,289500221,389500221,
89500222,°Í,,,189500222,289500222,389500222,
89500223,¹­,,,189500223,289500223,389500223,
89500224,ÄÁ,,,189500224,289500224,389500224,
89500225,Úó,,,189500225,289500225,389500225,
89500226,É½,,,189500226,289500226,389500226,
89500227,¹È,,,189500227,289500227,389500227,
89500228,³µ,,,189500228,289500228,389500228,
89500229,ºî,,,189500229,289500229,389500229,
89500230,åµ,,,189500230,289500230,389500230,
89500231,Åî,,,189500231,289500231,389500231,
89500232,È«,,,189500232,289500232,389500232,
89500233,Û­,,,189500233,289500233,389500233,
89500234,°à,,,189500234,289500234,389500234,
89500235,Ñö,,,189500235,289500235,389500235,
89500236,Çï,,,189500236,289500236,389500236,
89500237,ÖÙ,,,189500237,289500237,389500237,
89500238,ÒÁ,,,189500238,289500238,389500238,
89500239,¹¬,,,189500239,289500239,389500239,
89500240,Äþ,,,189500240,289500240,389500240,
89500241,³ð,,,189500241,289500241,389500241,
89500242,èï,,,189500242,289500242,389500242,
89500243,±©,,,189500243,289500243,389500243,
89500244,¸Ê,,,189500244,289500244,389500244,
89500245,î×,,,189500245,289500245,389500245,
89500246,À÷,,,189500246,289500246,389500246,
89500247,ÈÖ,,,189500247,289500247,389500247,
89500248,×æ,,,189500248,289500248,389500248,
89500249,Îä,,,189500249,289500249,389500249,
89500250,·û,,,189500250,289500250,389500250,
89500251,Áõ,,,189500251,289500251,389500251,
89500252,Õ²,,,189500252,289500252,389500252,
89500253,Êø,,,189500253,289500253,389500253,
89500254,Áú,,,189500254,289500254,389500254,
89500255,Ò¶,,,189500255,289500255,389500255,
89500256,ÐÒ,,,189500256,289500256,389500256,
89500257,Ë¾,,,189500257,289500257,389500257,
89500258,ÉØ,,,189500258,289500258,389500258,
89500259,Û¬,,,189500259,289500259,389500259,
89500260,Àè,,,189500260,289500260,389500260,
89500261,¼»,,,189500261,289500261,389500261,
89500262,±¡,,,189500262,289500262,389500262,
89500263,Ó¡,,,189500263,289500263,389500263,
89500264,ËÞ,,,189500264,289500264,389500264,
89500265,°×,,,189500265,289500265,389500265,
89500266,»³,,,189500266,289500266,389500266,
89500267,ÆÑ,,,189500267,289500267,389500267,
89500268,Ì¨,,,189500268,289500268,389500268,
89500269,´Ó,,,189500269,289500269,389500269,
89500270,¶õ,,,189500270,289500270,389500270,
89500271,Ë÷,,,189500271,289500271,389500271,
89500272,ÏÌ,,,189500272,289500272,389500272,
89500273,¼®,,,189500273,289500273,389500273,
89500274,Àµ,,,189500274,289500274,389500274,
89500275,×¿,,,189500275,289500275,389500275,
89500276,Ýþ,,,189500276,289500276,389500276,
89500277,ÍÀ,,,189500277,289500277,389500277,
89500278,ÃÉ,,,189500278,289500278,389500278,
89500279,³Ø,,,189500279,289500279,389500279,
89500280,ÇÇ,,,189500280,289500280,389500280,
89500281,Òõ,,,189500281,289500281,389500281,
89500282,ñã,,,189500282,289500282,389500282,
89500283,ÄÜ,,,189500283,289500283,389500283,
89500284,²Ô,,,189500284,289500284,389500284,
89500285,Ë«,,,189500285,289500285,389500285,
89500286,ÎÅ,,,189500286,289500286,389500286,
89500287,Ý·,,,189500287,289500287,389500287,
89500288,µ³,,,189500288,289500288,389500288,
89500289,µÔ,,,189500289,289500289,389500289,
89500290,Ì·,,,189500290,289500290,389500290,
89500291,¹±,,,189500291,289500291,389500291,
89500292,ÀÍ,,,189500292,289500292,389500292,
89500293,åÌ,,,189500293,289500293,389500293,
89500294,¼§,,,189500294,289500294,389500294,
89500295,Éê,,,189500295,289500295,389500295,
89500296,·ö,,,189500296,289500296,389500296,
89500297,¶Â,,,189500297,289500297,389500297,
89500298,È½,,,189500298,289500298,389500298,
89500299,Ô×,,,189500299,289500299,389500299,
89500300,Ûª,,,189500300,289500300,389500300,
89500301,Óº,,,189500301,289500301,389500301,
89500302,È´,,,189500302,289500302,389500302,
89500303,è³,,,189500303,289500303,389500303,
89500304,É£,,,189500304,289500304,389500304,
89500305,¹ð,,,189500305,289500305,389500305,
89500306,å§,,,189500306,289500306,389500306,
89500307,Å£,,,189500307,289500307,389500307,
89500308,ÊÙ,,,189500308,289500308,389500308,
89500309,Í¨,,,189500309,289500309,389500309,
89500310,±ß,,,189500310,289500310,389500310,
89500311,ìè,,,189500311,289500311,389500311,
89500312,Ñà,,,189500312,289500312,389500312,
89500313,¼½,,,189500313,289500313,389500313,
89500314,Û£,,,189500314,289500314,389500314,
89500315,ÆÖ,,,189500315,289500315,389500315,
89500316,ÉÐ,,,189500316,289500316,389500316,
89500317,Å©,,,189500317,289500317,389500317,
89500318,ÎÂ,,,189500318,289500318,389500318,
89500319,±ð,,,189500319,289500319,389500319,
89500320,×¯,,,189500320,289500320,389500320,
89500321,êÌ,,,189500321,289500321,389500321,
89500322,²ñ,,,189500322,289500322,389500322,
89500323,öÄ,,,189500323,289500323,389500323,
89500324,ÑÖ,,,189500324,289500324,389500324,
89500325,³ä,,,189500325,289500325,389500325,
89500326,Ä½,,,189500326,289500326,389500326,
89500327,Á¬,,,189500327,289500327,389500327,
89500328,Èã,,,189500328,289500328,389500328,
89500329,Ï°,,,189500329,289500329,389500329,
89500330,»Â,,,189500330,289500330,389500330,
89500331,°¬,,,189500331,289500331,389500331,
89500332,Óã,,,189500332,289500332,389500332,
89500333,ÈÝ,,,189500333,289500333,389500333,
89500334,Ïò,,,189500334,289500334,389500334,
89500335,¹Å,,,189500335,289500335,389500335,
89500336,Ò×,,,189500336,289500336,389500336,
89500337,É÷,,,189500337,289500337,389500337,
89500338,¸ê,,,189500338,289500338,389500338,
89500339,ÁÎ,,,189500339,289500339,389500339,
89500340,¸ý,,,189500340,289500340,389500340,
89500341,ÖÕ,,,189500341,289500341,389500341,
89500342,ôß,,,189500342,289500342,389500342,
89500343,¾Ó,,,189500343,289500343,389500343,
89500344,ºâ,,,189500344,289500344,389500344,
89500345,²½,,,189500345,289500345,389500345,
89500346,¶¼,,,189500346,289500346,389500346,
89500347,¹¢,,,189500347,289500347,389500347,
89500348,Âú,,,189500348,289500348,389500348,
89500349,ºë,,,189500349,289500349,389500349,
89500350,¿ï,,,189500350,289500350,389500350,
89500351,¹ú,,,189500351,289500351,389500351,
89500352,ÎÄ,,,189500352,289500352,389500352,
89500353,¿Ü,,,189500353,289500353,389500353,
89500354,¹ã,,,189500354,289500354,389500354,
89500355,Â»,,,189500355,289500355,389500355,
89500356,ãÚ,,,189500356,289500356,389500356,
89500357,¶«,,,189500357,289500357,389500357,
89500358,Å¹,,,189500358,289500358,389500358,
89500359,ì¯,,,189500359,289500359,389500359,
89500360,ÎÖ,,,189500360,289500360,389500360,
89500361,Àû,,,189500361,289500361,389500361,
89500362,Îµ,,,189500362,289500362,389500362,
89500363,Ô½,,,189500363,289500363,389500363,
89500364,Ùç,,,189500364,289500364,389500364,
89500365,Â¡,,,189500365,289500365,389500365,
89500366,Ê¦,,,189500366,289500366,389500366,
89500367,¹®,,,189500367,289500367,389500367,
89500368,ØÇ,,,189500368,289500368,389500368,
89500369,Äô,,,189500369,289500369,389500369,
89500370,êË,,,189500370,289500370,389500370,
89500371,¹´,,,189500371,289500371,389500371,
89500372,°½,,,189500372,289500372,389500372,
89500373,ÈÚ,,,189500373,289500373,389500373,
89500374,Àä,,,189500374,289500374,389500374,
89500375,ö¤,,,189500375,289500375,389500375,
89500376,ÐÁ,,,189500376,289500376,389500376,
89500377,ãÛ,,,189500377,289500377,389500377,
89500378,ÄÇ,,,189500378,289500378,389500378,
89500379,¼ò,,,189500379,289500379,389500379,
89500380,ÈÄ,,,189500380,289500380,389500380,
89500381,¿Õ,,,189500381,289500381,389500381,
89500382,Ôø,,,189500382,289500382,389500382,
89500383,Îã,,,189500383,289500383,389500383,
89500384,É³,,,189500384,289500384,389500384,
89500385,Ø¿,,,189500385,289500385,389500385,
89500386,Ñø,,,189500386,289500386,389500386,
89500387,¾Ï,,,189500387,289500387,389500387,
89500388,Ðë,,,189500388,289500388,389500388,
89500389,·á,,,189500389,289500389,389500389,
89500390,³²,,,189500390,289500390,389500390,
89500391,¹Ø,,,189500391,289500391,389500391,
89500392,Øá,,,189500392,289500392,389500392,
89500393,Ïà,,,189500393,289500393,389500393,
89500394,²é,,,189500394,289500394,389500394,
89500395,ºó,,,189500395,289500395,389500395,
89500396,ºì,,,189500396,289500396,389500396,
89500397,ÓÎ,,,189500397,289500397,389500397,
89500398,óÃ,,,189500398,289500398,389500398,
89500399,È¨,,,189500399,289500399,389500399,
89500400,åÖ,,,189500400,289500400,389500400,
89500401,¸Ç,,,189500401,289500401,389500401,
89500402,Òæ,,,189500402,289500402,389500402,
89500403,»¸,,,189500403,289500403,389500403,
89500404,¹«,,,189500404,289500404,389500404,
89500405,ÍòÙ¹,,,189500405,289500405,389500405,
89500406,Ë¾Âí,,,189500406,289500406,389500406,
89500407,ÉÏ¹Ù,,,189500407,289500407,389500407,
89500408,Å·Ñô,,,189500408,289500408,389500408,
89500409,ÏÄºî,,,189500409,289500409,389500409,
89500410,Öî¸ð,,,189500410,289500410,389500410,
89500411,ÎÅÈË,,,189500411,289500411,389500411,
89500412,¶«·½,,,189500412,289500412,389500412,
89500413,ºÕÁ¬,,,189500413,289500413,389500413,
89500414,»Ê¸¦,,,189500414,289500414,389500414,
89500415,Î¾³Ù,,,189500415,289500415,389500415,
89500416,¹«Ñò,,,189500416,289500416,389500416,
89500417,å£Ì¨,,,189500417,289500417,389500417,
89500418,¹«Ò±,,,189500418,289500418,389500418,
89500419,×ÚÕþ,,,189500419,289500419,389500419,
89500420,å§Ñô,,,189500420,289500420,389500420,
89500421,´¾ÓÚ,,,189500421,289500421,389500421,
89500422,ÖÙËï,,,189500422,289500422,389500422,
89500423,Ì«Êå,,,189500423,289500423,389500423,
89500424,ÉêÍÀ,,,189500424,289500424,389500424,
89500425,¹«Ëï,,,189500425,289500425,389500425,
89500426,ÀÖÕý,,,189500426,289500426,389500426,
89500427,ÐùÔ¯,,,189500427,289500427,389500427,
89500428,Áîºü,,,189500428,289500428,389500428,
89500429,ÖÓÀë,,,189500429,289500429,389500429,
89500430,ãÌÇð,,,189500430,289500430,389500430,
89500431,³¤Ëï,,,189500431,289500431,389500431,
89500432,Ä½ÈÝ,,,189500432,289500432,389500432,
89500433,ÏÊÓÚ,,,189500433,289500433,389500433,
89500434,ÓîÎÄ,,,189500434,289500434,389500434,
89500435,Ë¾Í½,,,189500435,289500435,389500435,
89500436,Ë¾¿Õ,,,189500436,289500436,389500436,
89500437,ØÁ¹Ù,,,189500437,289500437,389500437,
89500438,Ë¾¿Ü,,,189500438,289500438,389500438,
89500439,×Ó³µ,,,189500439,289500439,389500439,
89500440,ò§Ëï,,,189500440,289500440,389500440,
89500441,¶ËÄ¾,,,189500441,289500441,389500441,
89500442,Î×Âí,,,189500442,289500442,389500442,
89500443,¹«Î÷,,,189500443,289500443,389500443,
89500444,Æáµñ,,,189500444,289500444,389500444,
89500445,ÈÀæá,,,189500445,289500445,389500445,
89500446,¹«Á¼,,,189500446,289500446,389500446,
89500447,ÍØ°Î,,,189500447,289500447,389500447,
89500448,¼Ð¹È,,,189500448,289500448,389500448,
89500449,Ô×¸¸,,,189500449,289500449,389500449,
89500450,¹ÈÁ»,,,189500450,289500450,389500450,
89500451,½ú³þ,,,189500451,289500451,389500451,
89500452,ÑÖ·¨,,,189500452,289500452,389500452,
89500453,ÈêÛ³,,,189500453,289500453,389500453,
89500454,Í¿ÇÕ,,,189500454,289500454,389500454,
89500455,¶Î¸É,,,189500455,289500455,389500455,
89500456,°ÙÀï,,,189500456,289500456,389500456,
89500457,¶«¹ù,,,189500457,289500457,389500457,
89500458,ÄÏÃÅ,,,189500458,289500458,389500458,
89500459,ºôÑÓ,,,189500459,289500459,389500459,
89500460,¹éº£,,,189500460,289500460,389500460,
89500461,ÑòÉà,,,189500461,289500461,389500461,
89500462,Î¢Éú,,,189500462,289500462,389500462,
89500463,ÔÀË§,,,189500463,289500463,389500463,
89500464,çÃ¿º,,,189500464,289500464,389500464,
89500465,¿öºó,,,189500465,289500465,389500465,
89500466,ÓÐÇÙ,,,189500466,289500466,389500466,
89500467,ÁºÇð,,,189500467,289500467,389500467,
89500468,×óÇð,,,189500468,289500468,389500468,
89500469,¶«ÃÅ,,,189500469,289500469,389500469,
89500470,Î÷ÃÅ,,,189500470,289500470,389500470,
89500471,ÉÌÄ²,,,189500471,289500471,389500471,
89500472,ÙÜÙ¦,,,189500472,289500472,389500472,
89500473,²®ÉÍ,,,189500473,289500473,389500473,
89500474,ÄÏ¹¬,,,189500474,289500474,389500474,
89500475,Ä«¹þ,,,189500475,289500475,389500475,
89500476,ÚÛóÎ,,,189500476,289500476,389500476,
89500477,Äê°®,,,189500477,289500477,389500477,
89500478,ÑôÙ¡,,,189500478,289500478,389500478,
89500479,µÚÎå,,,189500479,289500479,389500479,
89500480,ÑÔ¸£,,,189500480,289500480,389500480,
